庫令,機型,FOP,FOP名稱,LOP,LOP名稱,FIT,FIT名稱,LIT,LIT名稱,輸入值,最大值,最小值
CQ3641,SD6,0101,底床單元,02,底床精度校正(實際值),01,底床導軌座面A水平面,01,A面-1-200,N;0;N;0,2,0
CQ3641,SD6,0101,底床單元,02,底床精度校正(實際值),01,底床導軌座面A水平面,02,A面-1-400,NULL,2,0
CQ3641,SD6,0101,底床單元,02,底床精度校正(實際值),01,底床導軌座面A水平面,03,A面-1-600,N;0;L;1,2,0
CQ3641,SD6,0101,底床單元,02,底床精度校正(實際值),01,底床導軌座面A水平面,04,A面-1-800,NULL,2,0
CQ3641,SD6,0101,底床單元,02,底床精度校正(實際值),01,底床導軌座面A水平面,05,A面-1-1000,N;0;N;0,2,0
CQ3641,SD6,0101,底床單元,02,底床精度校正(實際值),01,底床導軌座面A水平面,06,A面-1-1200,NULL,2,0
CQ3641,SD6,0101,底床單元,02,底床精度校正(實際值),01,底床導軌座面A水平面,07,A面-1-1400,NULL,2,0
CQ3641,SD6,0101,底床單元,02,底床精度校正(實際值),01,底床導軌座面A水平面,08,A面-1-1600,N;0;L;1,2,0
CQ3641,SD6,0101,底床單元,02,底床精度校正(實際值),01,底床導軌座面A水平面,09,A面-2-200,U;1;L;1,2,0
CQ3641,SD6,0101,底床單元,02,底床精度校正(實際值),01,底床導軌座面A水平面,10,A面-2-400,NULL,2,0
CQ3641,SD6,0101,底床單元,02,底床精度校正(實際值),01,底床導軌座面A水平面,11,A面-2-600,U;1;N;0,2,0
CQ3641,SD6,0101,底床單元,02,底床精度校正(實際值),01,底床導軌座面A水平面,12,A面-2-800,NULL,2,0
CQ3641,SD6,0101,底床單元,02,底床精度校正(實際值),01,底床導軌座面A水平面,13,A面-2-1000,U;1;N;0,2,0
CQ3641,SD6,0101,底床單元,02,底床精度校正(實際值),01,底床導軌座面A水平面,14,A面-2-1200,NULL,2,0
CQ3641,SD6,0101,底床單元,02,底床精度校正(實際值),01,底床導軌座面A水平面,15,A面-2-1400,NULL,2,0
CQ3641,SD6,0101,底床單元,02,底床精度校正(實際值),01,底床導軌座面A水平面,16,A面-2-1600,D;1;N;0,2,0
CQ3641,SD6,0101,底床單元,02,底床精度校正(實際值),01,底床導軌座面A水平面,17,A面-3-200,U;1;R;1,2,0
CQ3641,SD6,0101,底床單元,02,底床精度校正(實際值),01,底床導軌座面A水平面,18,A面-3-400,NULL,2,0
CQ3641,SD6,0101,底床單元,02,底床精度校正(實際值),01,底床導軌座面A水平面,19,A面-3-600,U;1;R;1,2,0
CQ3641,SD6,0101,底床單元,02,底床精度校正(實際值),01,底床導軌座面A水平面,20,A面-3-800,NULL,2,0
CQ3641,SD6,0101,底床單元,02,底床精度校正(實際值),01,底床導軌座面A水平面,21,A面-3-1000,N;0;N;0,2,0
CQ3641,SD6,0101,底床單元,02,底床精度校正(實際值),01,底床導軌座面A水平面,22,A面-3-1200,NULL,2,0
CQ3641,SD6,0101,底床單元,02,底床精度校正(實際值),01,底床導軌座面A水平面,23,A面-3-1400,NULL,2,0
CQ3641,SD6,0101,底床單元,02,底床精度校正(實際值),01,底床導軌座面A水平面,24,A面-3-1600,N;0;R;1,2,0
CQ3641,SD6,0101,底床單元,02,底床精度校正(實際值),01,底床導軌座面A水平面,25,A面-4-200,N;0;R;1,2,0
CQ3641,SD6,0101,底床單元,02,底床精度校正(實際值),01,底床導軌座面A水平面,26,A面-4-400,NULL,2,0
CQ3641,SD6,0101,底床單元,02,底床精度校正(實際值),01,底床導軌座面A水平面,27,A面-4-600,N;0;R;1,2,0
CQ3641,SD6,0101,底床單元,02,底床精度校正(實際值),01,底床導軌座面A水平面,28,A面-4-800,NULL,2,0
CQ3641,SD6,0101,底床單元,02,底床精度校正(實際值),01,底床導軌座面A水平面,29,A面-4-1000,U;1;N;0,2,0
CQ3641,SD6,0101,底床單元,02,底床精度校正(實際值),01,底床導軌座面A水平面,30,A面-4-1200,NULL,2,0
CQ3641,SD6,0101,底床單元,02,底床精度校正(實際值),01,底床導軌座面A水平面,31,A面-4-1400,NULL,2,0
CQ3641,SD6,0101,底床單元,02,底床精度校正(實際值),01,底床導軌座面A水平面,32,A面-4-1600,N;0;R;1,2,0
CQ3641,SD6,0101,底床單元,02,底床精度校正(實際值),02,底床導軌座面B水平面,01,B面-1-左上,U;1;L;5,6,0
CQ3641,SD6,0101,底床單元,02,底床精度校正(實際值),02,底床導軌座面B水平面,02,B面-1-左下,U;1;L;5,6,0
CQ3641,SD6,0101,底床單元,02,底床精度校正(實際值),02,底床導軌座面B水平面,03,B面-1-右上,N;0;L;4,6,0
CQ3641,SD6,0101,底床單元,02,底床精度校正(實際值),02,底床導軌座面B水平面,04,B面-1-右下,D;1;L;6,6,0
CQ3641,SD6,0101,底床單元,02,底床精度校正(實際值),02,底床導軌座面B水平面,05,B面-2-左上,U;1;L;5,6,0
CQ3641,SD6,0101,底床單元,02,底床精度校正(實際值),02,底床導軌座面B水平面,06,B面-2-左下,U;1;L;5,6,0
CQ3641,SD6,0101,底床單元,02,底床精度校正(實際值),02,底床導軌座面B水平面,07,B面-2-右上,N;0;L;3,6,0
CQ3641,SD6,0101,底床單元,02,底床精度校正(實際值),02,底床導軌座面B水平面,08,B面-2-右下,N;0;L;5,6,0
CQ3641,SD6,0201,Y軸線軌,02,Y軸精度校正,01,床台Y軸方向運動之真直度,02,後段-實際值,+0.002,+0.015,-0.015
CQ3641,SD6,0201,Y軸線軌,02,Y軸精度校正,01,床台Y軸方向運動之真直度,04,前段-實際值,0,+0.015,-0.015
CQ3641,SD6,0201,Y軸線軌,02,Y軸精度校正,02,床台Y軸方向運動之平面度,02,後段-實際值,+0.002,+0.015,-0.015
CQ3641,SD6,0201,Y軸線軌,02,Y軸精度校正,02,床台Y軸方向運動之平面度,04,前段-實際值,0,+0.015,-0.015
CQ3641,SD6,0301,X Y馬達座單元,01,X、Y馬達支架/軸承座,05,檢查事項,01,X軸軸承蓋預壓量,0.04,0.040,0.035
CQ3641,SD6,0301,X Y馬達座單元,01,X、Y馬達支架/軸承座,11,檢查事項,01,Y軸軸承蓋預壓量,0.04,0.040,0.035
CQ3641,SD6,0401,Y軸螺桿,02,Y軸螺桿與光學尺精度效正,01,滾珠螺桿A、B兩端螺桿真圓精度量測,02,A-實際值,0.004,+0.010,-0.010
CQ3641,SD6,0401,Y軸螺桿,02,Y軸螺桿與光學尺精度效正,01,滾珠螺桿A、B兩端螺桿真圓精度量測,04,B-實際值,0.005,+0.010,-0.010
CQ3641,SD6,0401,Y軸螺桿,02,Y軸螺桿與光學尺精度效正,02,Y軸螺桿預拉值精度量測,01,測定值,0.040,0.049,0.040
CQ3641,SD6,0401,Y軸螺桿,02,Y軸螺桿與光學尺精度效正,03,滾珠螺桿Y軸方向組裝之平行度(A、B二方向),02,A-實際值,0.004,+0.010,-0.010
CQ3641,SD6,0401,Y軸螺桿,02,Y軸螺桿與光學尺精度效正,03,滾珠螺桿Y軸方向組裝之平行度(A、B二方向),04,B-實際值,0.006,+0.010,-0.010
CQ3641,SD6,0401,Y軸螺桿,02,Y軸螺桿與光學尺精度效正,04,Y軸螺桿正反轉最大值拉力值測定,01,測定值,2.5,3.5,2.0
CQ3641,SD6,0401,Y軸螺桿,02,Y軸螺桿與光學尺精度效正,05,光學尺Y軸方向運動之平行度,02,實際值,0.01,+0.050,-0.050
CQ3641,SD6,0501,橫樑/工作台校正-1,02,橫樑單元精度效正1,16,橫樑導軌座面上軌/下軌水平面,01,上軌-200,U;1;R;0,+2,-2
CQ3641,SD6,0501,橫樑/工作台校正-1,02,橫樑單元精度效正1,16,橫樑導軌座面上軌/下軌水平面,02,上軌-400,NULL,+2,-2
CQ3641,SD6,0501,橫樑/工作台校正-1,02,橫樑單元精度效正1,16,橫樑導軌座面上軌/下軌水平面,03,上軌-600,U;1;R;0,+2,-2
CQ3641,SD6,0501,橫樑/工作台校正-1,02,橫樑單元精度效正1,16,橫樑導軌座面上軌/下軌水平面,04,上軌-800,NULL,+2,-2
CQ3641,SD6,0501,橫樑/工作台校正-1,02,橫樑單元精度效正1,16,橫樑導軌座面上軌/下軌水平面,05,上軌-1000,U;1;R;0,+2,-2
CQ3641,SD6,0501,橫樑/工作台校正-1,02,橫樑單元精度效正1,16,橫樑導軌座面上軌/下軌水平面,06,上軌-1200,NULL,+2,-2
CQ3641,SD6,0501,橫樑/工作台校正-1,02,橫樑單元精度效正1,16,橫樑導軌座面上軌/下軌水平面,07,上軌-1400,U;1;R;0,+2,-2
CQ3641,SD6,0501,橫樑/工作台校正-1,02,橫樑單元精度效正1,16,橫樑導軌座面上軌/下軌水平面,08,上軌-1600,NULL,+2,-2
CQ3641,SD6,0501,橫樑/工作台校正-1,02,橫樑單元精度效正1,16,橫樑導軌座面上軌/下軌水平面,09,上軌-1800,U;1;R;0,+2,-2
CQ3641,SD6,0501,橫樑/工作台校正-1,02,橫樑單元精度效正1,16,橫樑導軌座面上軌/下軌水平面,10,上軌-2000,U;1;R;0,+2,-2
CQ3641,SD6,0501,橫樑/工作台校正-1,02,橫樑單元精度效正1,16,橫樑導軌座面上軌/下軌水平面,11,上軌-2200,NULL,+2,-2
CQ3641,SD6,0501,橫樑/工作台校正-1,02,橫樑單元精度效正1,16,橫樑導軌座面上軌/下軌水平面,12,上軌-2400,U;1;R;0,+2,-2
CQ3641,SD6,0501,橫樑/工作台校正-1,02,橫樑單元精度效正1,16,橫樑導軌座面上軌/下軌水平面,13,上軌-2600,NULL,+2,-2
CQ3641,SD6,0501,橫樑/工作台校正-1,02,橫樑單元精度效正1,16,橫樑導軌座面上軌/下軌水平面,14,上軌-2800,U;1;R;1,+2,-2
CQ3641,SD6,0501,橫樑/工作台校正-1,02,橫樑單元精度效正1,16,橫樑導軌座面上軌/下軌水平面,15,上軌-3000,NULL,+2,-2
CQ3641,SD6,0501,橫樑/工作台校正-1,02,橫樑單元精度效正1,16,橫樑導軌座面上軌/下軌水平面,16,上軌-3200,U;2;R;0,+2,-2
CQ3641,SD6,0501,橫樑/工作台校正-1,02,橫樑單元精度效正1,16,橫樑導軌座面上軌/下軌水平面,17,上軌-3400,NULL,+2,-2
CQ3641,SD6,0501,橫樑/工作台校正-1,02,橫樑單元精度效正1,16,橫樑導軌座面上軌/下軌水平面,18,上軌-3600,U;2;R;0,+2,-2
CQ3641,SD6,0501,橫樑/工作台校正-1,02,橫樑單元精度效正1,16,橫樑導軌座面上軌/下軌水平面,19,下軌-200,U;1;R;0,+2,-2
CQ3641,SD6,0501,橫樑/工作台校正-1,02,橫樑單元精度效正1,16,橫樑導軌座面上軌/下軌水平面,20,下軌-400,NULL,+2,-2
CQ3641,SD6,0501,橫樑/工作台校正-1,02,橫樑單元精度效正1,16,橫樑導軌座面上軌/下軌水平面,21,下軌-600,U;1;R;0,+2,-2
CQ3641,SD6,0501,橫樑/工作台校正-1,02,橫樑單元精度效正1,16,橫樑導軌座面上軌/下軌水平面,22,下軌-800,NULL,+2,-2
CQ3641,SD6,0501,橫樑/工作台校正-1,02,橫樑單元精度效正1,16,橫樑導軌座面上軌/下軌水平面,23,下軌-1000,U;1;R;0,+2,-2
CQ3641,SD6,0501,橫樑/工作台校正-1,02,橫樑單元精度效正1,16,橫樑導軌座面上軌/下軌水平面,24,下軌-1200,NULL,+2,-2
CQ3641,SD6,0501,橫樑/工作台校正-1,02,橫樑單元精度效正1,16,橫樑導軌座面上軌/下軌水平面,25,下軌-1400,U;1;R;0,+2,-2
CQ3641,SD6,0501,橫樑/工作台校正-1,02,橫樑單元精度效正1,16,橫樑導軌座面上軌/下軌水平面,26,下軌-1600,NULL,+2,-2
CQ3641,SD6,0501,橫樑/工作台校正-1,02,橫樑單元精度效正1,16,橫樑導軌座面上軌/下軌水平面,27,下軌-1800,U;2;R;1,+2,-2
CQ3641,SD6,0501,橫樑/工作台校正-1,02,橫樑單元精度效正1,16,橫樑導軌座面上軌/下軌水平面,28,下軌-2000,U;1;R;0,+2,-2
CQ3641,SD6,0501,橫樑/工作台校正-1,02,橫樑單元精度效正1,16,橫樑導軌座面上軌/下軌水平面,29,下軌-2200,NULL,+2,-2
CQ3641,SD6,0501,橫樑/工作台校正-1,02,橫樑單元精度效正1,16,橫樑導軌座面上軌/下軌水平面,30,下軌-2400,U;1;R;0,+2,-2
CQ3641,SD6,0501,橫樑/工作台校正-1,02,橫樑單元精度效正1,16,橫樑導軌座面上軌/下軌水平面,31,下軌-2600,NULL,+2,-2
CQ3641,SD6,0501,橫樑/工作台校正-1,02,橫樑單元精度效正1,16,橫樑導軌座面上軌/下軌水平面,32,下軌-2800,U;1;R;0,+2,-2
CQ3641,SD6,0501,橫樑/工作台校正-1,02,橫樑單元精度效正1,16,橫樑導軌座面上軌/下軌水平面,33,下軌-3000,NULL,+2,-2
CQ3641,SD6,0501,橫樑/工作台校正-1,02,橫樑單元精度效正1,16,橫樑導軌座面上軌/下軌水平面,34,下軌-3200,U;2;R;1,+2,-2
CQ3641,SD6,0501,橫樑/工作台校正-1,02,橫樑單元精度效正1,16,橫樑導軌座面上軌/下軌水平面,35,下軌-3400,NULL,+2,-2
CQ3641,SD6,0501,橫樑/工作台校正-1,02,橫樑單元精度效正1,16,橫樑導軌座面上軌/下軌水平面,36,下軌-3600,U;2;R;1,+2,-2
CQ3641,SD6,0501,橫樑/工作台校正-1,03,橫樑單元精度效正2,17,床台X軸方向運動之真直度,02,實際值,0.002,+0.010,-0.010
CQ3641,SD6,0501,橫樑/工作台校正-1,03,橫樑單元精度效正2,18,床台X軸方向運動之平面度,02,實際值,0.004,+0.010,-0.010
CQ3641,SD6,0501,橫樑/工作台校正-1,03,橫樑單元精度效正2,19,滾珠螺桿X軸方向組裝之平行度(A、B二方向),02,1-實際值,0.004,+0.010,-0.010
CQ3641,SD6,0501,橫樑/工作台校正-1,03,橫樑單元精度效正2,19,滾珠螺桿X軸方向組裝之平行度(A、B二方向),04,2-實際值,0.002,+0.010,-0.010
CQ3641,SD6,0501,橫樑/工作台校正-1,03,橫樑單元精度效正2,20,X軸螺桿預拉值精度測量,01,測定值,0.044,0.049,0.040
CQ3641,SD6,0501,橫樑/工作台校正-1,03,橫樑單元精度效正2,21,滾珠螺桿A、B兩端螺桿真圓度量測,02,A-實際值,0.002,+0.010,-0.010
CQ3641,SD6,0501,橫樑/工作台校正-1,03,橫樑單元精度效正2,21,滾珠螺桿A、B兩端螺桿真圓度量測,04,B-實際值,0.002,+0.010,-0.010
CQ3641,SD6,0501,橫樑/工作台校正-1,03,橫樑單元精度效正2,22,X軸螺桿正反轉最大值拉力測定值,01,測定值,3,3.5,2.0
CQ3641,SD6,0501,橫樑/工作台校正-1,03,橫樑單元精度效正2,23,光學尺X軸方向運動之平行度,02,實際值,0.02,+0.050,-0.050
CQ3641,SD6,0502,橫樑/工作台校正-2,02,工作台精度量測,13,工作台A/B面深淺精度量測,01,A面-4mm-1,0.05,0.050,0.010
CQ3641,SD6,0502,橫樑/工作台校正-2,02,工作台精度量測,13,工作台A/B面深淺精度量測,02,A面-4mm-2,0.03,0.050,0.010
CQ3641,SD6,0502,橫樑/工作台校正-2,02,工作台精度量測,13,工作台A/B面深淺精度量測,03,A面-4mm-3,0.03,0.050,0.010
CQ3641,SD6,0502,橫樑/工作台校正-2,02,工作台精度量測,13,工作台A/B面深淺精度量測,04,A面-4mm-4,0.02,0.050,0.010
CQ3641,SD6,0502,橫樑/工作台校正-2,02,工作台精度量測,13,工作台A/B面深淺精度量測,05,A面-4mm-5,0.05,0.050,0.010
CQ3641,SD6,0502,橫樑/工作台校正-2,02,工作台精度量測,13,工作台A/B面深淺精度量測,06,A面-4mm-6,0.05,0.050,0.010
CQ3641,SD6,0502,橫樑/工作台校正-2,02,工作台精度量測,13,工作台A/B面深淺精度量測,07,B面-22mm-7,0.02,0.050,0.010
CQ3641,SD6,0502,橫樑/工作台校正-2,02,工作台精度量測,13,工作台A/B面深淺精度量測,08,B面-22mm-8,0.02,0.050,0.010
CQ3641,SD6,0502,橫樑/工作台校正-2,02,工作台精度量測,13,工作台A/B面深淺精度量測,09,B面-22mm-9,0.02,0.050,0.010
CQ3641,SD6,0502,橫樑/工作台校正-2,02,工作台精度量測,13,工作台A/B面深淺精度量測,10,B面-22mm-10,0.04,0.050,0.010
CQ3641,SD6,0502,橫樑/工作台校正-2,02,工作台精度量測,13,工作台A/B面深淺精度量測,11,B面-22mm-11,0.04,0.050,0.010
CQ3641,SD6,0502,橫樑/工作台校正-2,02,工作台精度量測,13,工作台A/B面深淺精度量測,12,B面-22mm-12,0.03,0.050,0.010
CQ3641,SD6,0502,橫樑/工作台校正-2,02,工作台精度量測,13,工作台A/B面深淺精度量測,13,B面-22mm-13,0.02,0.050,0.010
CQ3641,SD6,0502,橫樑/工作台校正-2,02,工作台精度量測,13,工作台A/B面深淺精度量測,14,B面-22mm-14,0.01,0.050,0.010
CQ3641,SD6,0502,橫樑/工作台校正-2,02,工作台精度量測,13,工作台A/B面深淺精度量測,15,B面-22mm-15,0.01,0.050,0.010
CQ3641,SD6,0502,橫樑/工作台校正-2,02,工作台精度量測,13,工作台A/B面深淺精度量測,16,B面-22mm-16,0.01,0.050,0.010
CQ3641,SD6,0502,橫樑/工作台校正-2,02,工作台精度量測,13,工作台A/B面深淺精度量測,17,B面-22mm-17,0.04,0.050,0.010
CQ3641,SD6,0502,橫樑/工作台校正-2,02,工作台精度量測,13,工作台A/B面深淺精度量測,18,B面-22mm-18,0.04,0.050,0.010
CQ3641,SD6,0502,橫樑/工作台校正-2,02,工作台精度量測,14,工作台1-8腳座精度量,01,腳座總厚度原始值,159.07,9999,0
CQ3641,SD6,0502,橫樑/工作台校正-2,02,工作台精度量測,14,工作台1-8腳座精度量,02,前1,0.01,+0.01,0
CQ3641,SD6,0502,橫樑/工作台校正-2,02,工作台精度量測,14,工作台1-8腳座精度量,03,前2,0.01,+0.01,0
CQ3641,SD6,0502,橫樑/工作台校正-2,02,工作台精度量測,14,工作台1-8腳座精度量,04,前3,0.01,+0.01,0
CQ3641,SD6,0502,橫樑/工作台校正-2,02,工作台精度量測,14,工作台1-8腳座精度量,05,前4,0.01,+0.01,0
CQ3641,SD6,0502,橫樑/工作台校正-2,02,工作台精度量測,14,工作台1-8腳座精度量,06,後5,0.01,+0.01,0
CQ3641,SD6,0502,橫樑/工作台校正-2,02,工作台精度量測,14,工作台1-8腳座精度量,07,後6,0.01,+0.01,0
CQ3641,SD6,0502,橫樑/工作台校正-2,02,工作台精度量測,14,工作台1-8腳座精度量,08,後7,0.01,+0.01,0
CQ3641,SD6,0502,橫樑/工作台校正-2,02,工作台精度量測,14,工作台1-8腳座精度量,09,後8,0.01,+0.01,0
CQ3641,SD6,0502,橫樑/工作台校正-2,03,L板之檢點,23,X軸L板A面與B面高低差(共1至12處),01,A/B面厚度原始值,15.96,9999,NULL
CQ3641,SD6,0502,橫樑/工作台校正-2,03,L板之檢點,23,X軸L板A面與B面高低差(共1至12處),02,01,0.01,+0.02,-0.02
CQ3641,SD6,0502,橫樑/工作台校正-2,03,L板之檢點,23,X軸L板A面與B面高低差(共1至12處),03,02,0.02,+0.02,-0.02
CQ3641,SD6,0502,橫樑/工作台校正-2,03,L板之檢點,23,X軸L板A面與B面高低差(共1至12處),04,03,0.01,+0.02,-0.02
CQ3641,SD6,0502,橫樑/工作台校正-2,03,L板之檢點,23,X軸L板A面與B面高低差(共1至12處),05,04,0.01,+0.02,-0.02
CQ3641,SD6,0502,橫樑/工作台校正-2,03,L板之檢點,23,X軸L板A面與B面高低差(共1至12處),06,05,0.01,+0.02,-0.02
CQ3641,SD6,0502,橫樑/工作台校正-2,03,L板之檢點,23,X軸L板A面與B面高低差(共1至12處),07,06,0.01,+0.02,-0.02
CQ3641,SD6,0502,橫樑/工作台校正-2,03,L板之檢點,23,X軸L板A面與B面高低差(共1至12處),08,07,0.02,+0.02,-0.02
CQ3641,SD6,0502,橫樑/工作台校正-2,03,L板之檢點,23,X軸L板A面與B面高低差(共1至12處),09,08,0.02,+0.02,-0.02
CQ3641,SD6,0502,橫樑/工作台校正-2,03,L板之檢點,23,X軸L板A面與B面高低差(共1至12處),10,09,0.01,+0.02,-0.02
CQ3641,SD6,0502,橫樑/工作台校正-2,03,L板之檢點,23,X軸L板A面與B面高低差(共1至12處),11,10,0.02,+0.02,-0.02
CQ3641,SD6,0502,橫樑/工作台校正-2,03,L板之檢點,23,X軸L板A面與B面高低差(共1至12處),12,11,0,+0.02,-0.02
CQ3641,SD6,0502,橫樑/工作台校正-2,03,L板之檢點,23,X軸L板A面與B面高低差(共1至12處),13,12,0.01,+0.02,-0.02
CQ3641,SD6,0503,橫樑/工作台校正-3,01,三軸組裝之檢點,05,Y軸方向歸零，測X軸方向之值角度(左、中、右),02,左-實際值,0.007,+0.010,-0.010
CQ3641,SD6,0503,橫樑/工作台校正-3,01,三軸組裝之檢點,05,Y軸方向歸零，測X軸方向之值角度(左、中、右),04,中-實際值,0,+0.010,-0.010
CQ3641,SD6,0503,橫樑/工作台校正-3,01,三軸組裝之檢點,05,Y軸方向歸零，測X軸方向之值角度(左、中、右),06,右-實際值,0.002,+0.010,-0.010
CQ3641,SD6,0503,橫樑/工作台校正-3,01,三軸組裝之檢點,06,組立後Y軸工作台之水平,01,靜態,2,4,0
CQ3641,SD6,0503,橫樑/工作台校正-3,01,三軸組裝之檢點,06,組立後Y軸工作台之水平,02,動態,2,3,0
CQ3641,SD6,0503,橫樑/工作台校正-3,01,三軸組裝之檢點,07,Y軸螺桿與工作台組裝後拉力值測定,01,測定值,4,4.5,3.0
CQ3641,SD6,0503,橫樑/工作台校正-3,02,三軸組裝精度效正,08,A點歸零量測Z1至Z2前中後平面精度,19,Z1-實際值-後,0,+0.050,-0.050
CQ3641,SD6,0503,橫樑/工作台校正-3,02,三軸組裝精度效正,08,A點歸零量測Z1至Z2前中後平面精度,20,Z1-實際值-中,0,+0.050,-0.050
CQ3641,SD6,0503,橫樑/工作台校正-3,02,三軸組裝精度效正,08,A點歸零量測Z1至Z2前中後平面精度,21,Z1-實際值-前,0,+0.050,-0.050
CQ3641,SD6,0503,橫樑/工作台校正-3,02,三軸組裝精度效正,08,A點歸零量測Z1至Z2前中後平面精度,22,Z2-實際值-後,-0.01,+0.050,-0.050
CQ3641,SD6,0503,橫樑/工作台校正-3,02,三軸組裝精度效正,08,A點歸零量測Z1至Z2前中後平面精度,23,Z2-實際值-中,-0.01,+0.050,-0.050
CQ3641,SD6,0503,橫樑/工作台校正-3,02,三軸組裝精度效正,08,A點歸零量測Z1至Z2前中後平面精度,24,Z2-實際值-前,-0.01,+0.050,-0.050
CQ3641,SD6,0503,橫樑/工作台校正-3,02,三軸組裝精度效正,08,A點歸零量測Z1至Z2前中後平面精度,25,Z3-實際值-後,0.01,+0.050,-0.050
CQ3641,SD6,0503,橫樑/工作台校正-3,02,三軸組裝精度效正,08,A點歸零量測Z1至Z2前中後平面精度,26,Z3-實際值-中,0.01,+0.050,-0.050
CQ3641,SD6,0503,橫樑/工作台校正-3,02,三軸組裝精度效正,08,A點歸零量測Z1至Z2前中後平面精度,27,Z3-實際值-前,0.01,+0.050,-0.050
CQ3641,SD6,0503,橫樑/工作台校正-3,02,三軸組裝精度效正,08,A點歸零量測Z1至Z2前中後平面精度,28,Z4-實際值-後,0.02,+0.050,-0.050
CQ3641,SD6,0503,橫樑/工作台校正-3,02,三軸組裝精度效正,08,A點歸零量測Z1至Z2前中後平面精度,29,Z4-實際值-中,0.02,+0.050,-0.050
CQ3641,SD6,0503,橫樑/工作台校正-3,02,三軸組裝精度效正,08,A點歸零量測Z1至Z2前中後平面精度,30,Z4-實際值-前,0.02,+0.050,-0.050
CQ3641,SD6,0503,橫樑/工作台校正-3,02,三軸組裝精度效正,08,A點歸零量測Z1至Z2前中後平面精度,31,Z5-實際值-後,0.03,+0.050,-0.050
CQ3641,SD6,0503,橫樑/工作台校正-3,02,三軸組裝精度效正,08,A點歸零量測Z1至Z2前中後平面精度,32,Z5-實際值-中,0.03,+0.050,-0.050
CQ3641,SD6,0503,橫樑/工作台校正-3,02,三軸組裝精度效正,08,A點歸零量測Z1至Z2前中後平面精度,33,Z5-實際值-前,0.03,+0.050,-0.050
CQ3641,SD6,0503,橫樑/工作台校正-3,02,三軸組裝精度效正,08,A點歸零量測Z1至Z2前中後平面精度,34,Z6-實際值-後,0.02,+0.050,-0.050
CQ3641,SD6,0503,橫樑/工作台校正-3,02,三軸組裝精度效正,08,A點歸零量測Z1至Z2前中後平面精度,35,Z6-實際值-中,0.02,+0.050,-0.050
CQ3641,SD6,0503,橫樑/工作台校正-3,02,三軸組裝精度效正,08,A點歸零量測Z1至Z2前中後平面精度,36,Z6-實際值-前,0.02,+0.050,-0.050
CQ3641,SD6,0601,Z軸單元,03,Z軸導軌機構(矯正後精度),01,導軌與Z軸固定座垂直精度,01,1,0.008,0.010,0
CQ3641,SD6,0601,Z軸單元,03,Z軸導軌機構(矯正後精度),01,導軌與Z軸固定座垂直精度,02,2,0.008,0.010,0
CQ3641,SD6,0601,Z軸單元,03,Z軸導軌機構(矯正後精度),01,導軌與Z軸固定座垂直精度,03,3,0.006,0.010,0
CQ3641,SD6,0601,Z軸單元,03,Z軸導軌機構(矯正後精度),01,導軌與Z軸固定座垂直精度,04,4,0.008,0.010,0
CQ3641,SD6,0601,Z軸單元,03,Z軸導軌機構(矯正後精度),01,導軌與Z軸固定座垂直精度,05,5,0.008,0.010,0
CQ3641,SD6,0601,Z軸單元,03,Z軸導軌機構(矯正後精度),01,導軌與Z軸固定座垂直精度,06,6,0.009,0.010,0
CQ3641,SD6,0601,Z軸單元,03,Z軸導軌機構(矯正後精度),02,導軌與Z軸固定座水平精度,01,1,0.003,0.005,0
CQ3641,SD6,0601,Z軸單元,03,Z軸導軌機構(矯正後精度),02,導軌與Z軸固定座水平精度,02,2,0.004,0.005,0
CQ3641,SD6,0601,Z軸單元,03,Z軸導軌機構(矯正後精度),02,導軌與Z軸固定座水平精度,03,3,0.004,0.005,0
CQ3641,SD6,0601,Z軸單元,03,Z軸導軌機構(矯正後精度),02,導軌與Z軸固定座水平精度,04,4,0.003,0.005,0
CQ3641,SD6,0601,Z軸單元,03,Z軸導軌機構(矯正後精度),02,導軌與Z軸固定座水平精度,05,5,0.004,0.005,0
CQ3641,SD6,0601,Z軸單元,03,Z軸導軌機構(矯正後精度),02,導軌與Z軸固定座水平精度,06,6,0.004,0.005,0
CQ3641,SD6,0601,Z軸單元,04,Z軸主軸機構(原始精度),01,主軸與Z軸固定座水平精度,01,1,0.006,0.020,0
CQ3641,SD6,0601,Z軸單元,04,Z軸主軸機構(原始精度),01,主軸與Z軸固定座水平精度,02,2,0.017,0.020,0
CQ3641,SD6,0601,Z軸單元,04,Z軸主軸機構(原始精度),01,主軸與Z軸固定座水平精度,03,3,0.008,0.020,0
CQ3641,SD6,0601,Z軸單元,04,Z軸主軸機構(原始精度),01,主軸與Z軸固定座水平精度,04,4,0.004,0.020,0
CQ3641,SD6,0601,Z軸單元,04,Z軸主軸機構(原始精度),01,主軸與Z軸固定座水平精度,05,5,0.009,0.020,0
CQ3641,SD6,0601,Z軸單元,04,Z軸主軸機構(原始精度),01,主軸與Z軸固定座水平精度,06,6,0.015,0.020,0
CQ3641,SD6,0601,Z軸單元,04,Z軸主軸機構(原始精度),02,主軸與Z軸固定座水平精度,01,1,0.002,0.005,0
CQ3641,SD6,0601,Z軸單元,04,Z軸主軸機構(原始精度),02,主軸與Z軸固定座水平精度,02,2,0.002,0.005,0
CQ3641,SD6,0601,Z軸單元,04,Z軸主軸機構(原始精度),02,主軸與Z軸固定座水平精度,03,3,0.002,0.005,0
CQ3641,SD6,0601,Z軸單元,04,Z軸主軸機構(原始精度),02,主軸與Z軸固定座水平精度,04,4,0.002,0.005,0
CQ3641,SD6,0601,Z軸單元,04,Z軸主軸機構(原始精度),02,主軸與Z軸固定座水平精度,05,5,0.002,0.005,0
CQ3641,SD6,0601,Z軸單元,04,Z軸主軸機構(原始精度),02,主軸與Z軸固定座水平精度,06,6,0.002,0.005,0
CQ3641,SD6,0601,Z軸單元,05,Z軸主軸機構(矯正後精度),01,主軸與Z軸固定座水平精度,01,1,0.005,0.005,0
CQ3641,SD6,0601,Z軸單元,05,Z軸主軸機構(矯正後精度),01,主軸與Z軸固定座水平精度,02,2,0.002,0.005,0
CQ3641,SD6,0601,Z軸單元,05,Z軸主軸機構(矯正後精度),01,主軸與Z軸固定座水平精度,03,3,0.003,0.005,0
CQ3641,SD6,0601,Z軸單元,05,Z軸主軸機構(矯正後精度),01,主軸與Z軸固定座水平精度,04,4,0.004,0.005,0
CQ3641,SD6,0601,Z軸單元,05,Z軸主軸機構(矯正後精度),01,主軸與Z軸固定座水平精度,05,5,0.003,0.005,0
CQ3641,SD6,0601,Z軸單元,05,Z軸主軸機構(矯正後精度),01,主軸與Z軸固定座水平精度,06,6,0.003,0.005,0
CQ3641,SD6,0601,Z軸單元,05,Z軸主軸機構(矯正後精度),02,主軸與Z軸固定座水平精度,01,1,0.002,0.005,0
CQ3641,SD6,0601,Z軸單元,05,Z軸主軸機構(矯正後精度),02,主軸與Z軸固定座水平精度,02,2,0.002,0.005,0
CQ3641,SD6,0601,Z軸單元,05,Z軸主軸機構(矯正後精度),02,主軸與Z軸固定座水平精度,03,3,0.002,0.005,0
CQ3641,SD6,0601,Z軸單元,05,Z軸主軸機構(矯正後精度),02,主軸與Z軸固定座水平精度,04,4,0.002,0.005,0
CQ3641,SD6,0601,Z軸單元,05,Z軸主軸機構(矯正後精度),02,主軸與Z軸固定座水平精度,05,5,0.002,0.005,0
CQ3641,SD6,0601,Z軸單元,05,Z軸主軸機構(矯正後精度),02,主軸與Z軸固定座水平精度,06,6,0.002,0.005,0
CQ3641,SD6,0701,L板/Z軸校正,01,L板組裝之檢點,04,X軸螺桿與L板組裝後拉力值測定,01,測定值,4.5,4.5,3.0
CQ3641,SD6,0701,L板/Z軸校正,02,Z軸精度效正,03,主軸中心線與工作台面之垂直度,01,X-Z面1-實際值,0.008,0.03,0
CQ3641,SD6,0701,L板/Z軸校正,02,Z軸精度效正,03,主軸中心線與工作台面之垂直度,02,X-Z面2-實際值,0.008,0.03,0
CQ3641,SD6,0701,L板/Z軸校正,02,Z軸精度效正,03,主軸中心線與工作台面之垂直度,03,X-Z面3-實際值,0.016,0.03,0
CQ3641,SD6,0701,L板/Z軸校正,02,Z軸精度效正,03,主軸中心線與工作台面之垂直度,04,X-Z面4-實際值,0.004,0.03,0
CQ3641,SD6,0701,L板/Z軸校正,02,Z軸精度效正,03,主軸中心線與工作台面之垂直度,05,X-Z面5-實際值,0.008,0.03,0
CQ3641,SD6,0701,L板/Z軸校正,02,Z軸精度效正,03,主軸中心線與工作台面之垂直度,06,X-Z面6-實際值,0.004,0.03,0
CQ3641,SD6,0701,L板/Z軸校正,02,Z軸精度效正,04,Z1~Z3軸1-8孔位墊片精度紀錄,01,Z1軸1-2孔位墊片精度紀錄,0.22,NULL,NULL
CQ3641,SD6,0701,L板/Z軸校正,02,Z軸精度效正,04,Z1~Z3軸1-8孔位墊片精度紀錄,02,Z1軸3-4孔位墊片精度紀錄,0.20,NULL,NULL
CQ3641,SD6,0701,L板/Z軸校正,02,Z軸精度效正,04,Z1~Z3軸1-8孔位墊片精度紀錄,03,Z1軸5-6孔位墊片精度紀錄,0.10,NULL,NULL
CQ3641,SD6,0701,L板/Z軸校正,02,Z軸精度效正,04,Z1~Z3軸1-8孔位墊片精度紀錄,04,Z1軸7-8孔位墊片精度紀錄,0.05,NULL,NULL
CQ3641,SD6,0701,L板/Z軸校正,02,Z軸精度效正,04,Z1~Z3軸1-8孔位墊片精度紀錄,05,Z1軸9-10孔位墊片精度紀錄,0,NULL,NULL
CQ3641,SD6,0701,L板/Z軸校正,02,Z軸精度效正,04,Z1~Z3軸1-8孔位墊片精度紀錄,06,Z2軸1-2孔位墊片精度紀錄,0.10,NULL,NULL
CQ3641,SD6,0701,L板/Z軸校正,02,Z軸精度效正,04,Z1~Z3軸1-8孔位墊片精度紀錄,07,Z2軸3-4孔位墊片精度紀錄,0.08,NULL,NULL
CQ3641,SD6,0701,L板/Z軸校正,02,Z軸精度效正,04,Z1~Z3軸1-8孔位墊片精度紀錄,08,Z2軸5-6孔位墊片精度紀錄,0.04,NULL,NULL
CQ3641,SD6,0701,L板/Z軸校正,02,Z軸精度效正,04,Z1~Z3軸1-8孔位墊片精度紀錄,09,Z2軸7-8孔位墊片精度紀錄,0.02,NULL,NULL
CQ3641,SD6,0701,L板/Z軸校正,02,Z軸精度效正,04,Z1~Z3軸1-8孔位墊片精度紀錄,10,Z2軸9-10孔位墊片精度紀錄,0,NULL,NULL
CQ3641,SD6,0701,L板/Z軸校正,02,Z軸精度效正,04,Z1~Z3軸1-8孔位墊片精度紀錄,11,Z3軸1-2孔位墊片精度紀錄,0,NULL,NULL
CQ3641,SD6,0701,L板/Z軸校正,02,Z軸精度效正,04,Z1~Z3軸1-8孔位墊片精度紀錄,12,Z3軸3-4孔位墊片精度紀錄,0,NULL,NULL
CQ3641,SD6,0701,L板/Z軸校正,02,Z軸精度效正,04,Z1~Z3軸1-8孔位墊片精度紀錄,13,Z3軸5-6孔位墊片精度紀錄,0,NULL,NULL
CQ3641,SD6,0701,L板/Z軸校正,02,Z軸精度效正,04,Z1~Z3軸1-8孔位墊片精度紀錄,14,Z3軸7-8孔位墊片精度紀錄,0,NULL,NULL
CQ3641,SD6,0701,L板/Z軸校正,02,Z軸精度效正,04,Z1~Z3軸1-8孔位墊片精度紀錄,15,Z3軸9-10孔位墊片精度紀錄,0,NULL,NULL
CQ3641,SD6,0701,L板/Z軸校正,02,Z軸精度效正,05,Z4~Z6軸1-8孔位墊片精度紀錄,01,Z4軸1-2孔位墊片精度紀錄,0,NULL,NULL
CQ3641,SD6,0701,L板/Z軸校正,02,Z軸精度效正,05,Z4~Z6軸1-8孔位墊片精度紀錄,02,Z4軸3-4孔位墊片精度紀錄,0,NULL,NULL
CQ3641,SD6,0701,L板/Z軸校正,02,Z軸精度效正,05,Z4~Z6軸1-8孔位墊片精度紀錄,03,Z4軸5-6孔位墊片精度紀錄,0,NULL,NULL
CQ3641,SD6,0701,L板/Z軸校正,02,Z軸精度效正,05,Z4~Z6軸1-8孔位墊片精度紀錄,04,Z4軸7-8孔位墊片精度紀錄,0,NULL,NULL
CQ3641,SD6,0701,L板/Z軸校正,02,Z軸精度效正,05,Z4~Z6軸1-8孔位墊片精度紀錄,05,Z4軸9-10孔位墊片精度紀錄,0,NULL,NULL
CQ3641,SD6,0701,L板/Z軸校正,02,Z軸精度效正,05,Z4~Z6軸1-8孔位墊片精度紀錄,06,Z5軸1-2孔位墊片精度紀錄,0.12,NULL,NULL
CQ3641,SD6,0701,L板/Z軸校正,02,Z軸精度效正,05,Z4~Z6軸1-8孔位墊片精度紀錄,07,Z5軸3-4孔位墊片精度紀錄,0.09,NULL,NULL
CQ3641,SD6,0701,L板/Z軸校正,02,Z軸精度效正,05,Z4~Z6軸1-8孔位墊片精度紀錄,08,Z5軸5-6孔位墊片精度紀錄,0.05,NULL,NULL
CQ3641,SD6,0701,L板/Z軸校正,02,Z軸精度效正,05,Z4~Z6軸1-8孔位墊片精度紀錄,09,Z5軸7-8孔位墊片精度紀錄,0.02,NULL,NULL
CQ3641,SD6,0701,L板/Z軸校正,02,Z軸精度效正,05,Z4~Z6軸1-8孔位墊片精度紀錄,10,Z5軸9-10孔位墊片精度紀錄,0,NULL,NULL
CQ3641,SD6,0701,L板/Z軸校正,02,Z軸精度效正,05,Z4~Z6軸1-8孔位墊片精度紀錄,11,Z6軸1-2孔位墊片精度紀錄,0,NULL,NULL
CQ3641,SD6,0701,L板/Z軸校正,02,Z軸精度效正,05,Z4~Z6軸1-8孔位墊片精度紀錄,12,Z6軸3-4孔位墊片精度紀錄,0,NULL,NULL
CQ3641,SD6,0701,L板/Z軸校正,02,Z軸精度效正,05,Z4~Z6軸1-8孔位墊片精度紀錄,13,Z6軸5-6孔位墊片精度紀錄,0,NULL,NULL
CQ3641,SD6,0701,L板/Z軸校正,02,Z軸精度效正,05,Z4~Z6軸1-8孔位墊片精度紀錄,14,Z6軸7-8孔位墊片精度紀錄,0,NULL,NULL
CQ3641,SD6,0701,L板/Z軸校正,02,Z軸精度效正,05,Z4~Z6軸1-8孔位墊片精度紀錄,15,Z6軸9-10孔位墊片精度紀錄,0,NULL,NULL
CQ3641,SD6,1801,送電試車者,08,雷射量測校正,01,反覆精度,01,X軸-補正前,0.0008,,
CQ3641,SD6,1801,送電試車者,08,雷射量測校正,01,反覆精度,02,X軸-補正後,0.0014,0.0025,0
CQ3641,SD6,1801,送電試車者,08,雷射量測校正,01,反覆精度,03,Y軸-左-調整前,0.0007,,
CQ3641,SD6,1801,送電試車者,08,雷射量測校正,01,反覆精度,04,Y軸-左-補正前,0.0010,,
CQ3641,SD6,1801,送電試車者,08,雷射量測校正,01,反覆精度,05,Y軸-左-補正後,0.0008,0.0025,0
CQ3641,SD6,1801,送電試車者,08,雷射量測校正,01,反覆精度,06,Y軸-中-調整前,0.0011,,
CQ3641,SD6,1801,送電試車者,08,雷射量測校正,01,反覆精度,07,Y軸-中-補正前,0.0014,,
CQ3641,SD6,1801,送電試車者,08,雷射量測校正,01,反覆精度,08,Y軸-中-補正後,0.0008,0.0025,0
CQ3641,SD6,1801,送電試車者,08,雷射量測校正,01,反覆精度,09,Y軸-右-調整前,0.0012,,
CQ3641,SD6,1801,送電試車者,08,雷射量測校正,01,反覆精度,10,Y軸-右-補正前,0.0013,,
CQ3641,SD6,1801,送電試車者,08,雷射量測校正,01,反覆精度,11,Y軸-右-補正後,0.0008,0.0025,0
CQ3641,SD6,1801,送電試車者,08,雷射量測校正,02,定位精度,01,X軸-補正前,0.005,,
CQ3641,SD6,1801,送電試車者,08,雷射量測校正,02,定位精度,02,X軸-補正後,0.003,0.010,0
CQ3641,SD6,1801,送電試車者,08,雷射量測校正,02,定位精度,03,Y軸-左-調整前,0.018,,
CQ3641,SD6,1801,送電試車者,08,雷射量測校正,02,定位精度,04,Y軸-左-補正前,0.009,,
CQ3641,SD6,1801,送電試車者,08,雷射量測校正,02,定位精度,05,Y軸-左-補正後,0.005,0.010,0
CQ3641,SD6,1801,送電試車者,08,雷射量測校正,02,定位精度,06,Y軸-中-調整前,0.006,,
CQ3641,SD6,1801,送電試車者,08,雷射量測校正,02,定位精度,07,Y軸-中-補正前,0.007,,
CQ3641,SD6,1801,送電試車者,08,雷射量測校正,02,定位精度,08,Y軸-中-補正後,0.004,0.010,0
CQ3641,SD6,1801,送電試車者,08,雷射量測校正,02,定位精度,09,Y軸-右-調整前,0.016,,
CQ3641,SD6,1801,送電試車者,08,雷射量測校正,02,定位精度,10,Y軸-右-補正前,0.009,,
CQ3641,SD6,1801,送電試車者,08,雷射量測校正,02,定位精度,11,Y軸-右-補正後,0.005,0.010,0
CQ3641,SD6,1801,送電試車者,08,雷射量測校正,03,移動速度,01,X軸,834,850,820
CQ3641,SD6,1801,送電試車者,08,雷射量測校正,03,移動速度,02,Y軸,835,850,820
CQ3641,SD6,1901,精度校正者,01,精度效正,01,主軸與前V型夾具同心度,01,X軸,276.523,NULL,NULL
CQ3641,SD6,1901,精度校正者,01,精度效正,01,主軸與前V型夾具同心度,02,Y軸,688.014,NULL,NULL
CQ3641,SD6,1901,精度校正者,01,精度效正,01,主軸與前V型夾具同心度,03,1,0.006,0.010,0
CQ3641,SD6,1901,精度校正者,01,精度效正,01,主軸與前V型夾具同心度,04,2,0.004,0.010,0
CQ3641,SD6,1901,精度校正者,01,精度效正,01,主軸與前V型夾具同心度,05,3,0.004,0.010,0
CQ3641,SD6,1901,精度校正者,01,精度效正,01,主軸與前V型夾具同心度,06,4,0.002,0.010,0
CQ3641,SD6,1901,精度校正者,01,精度效正,01,主軸與前V型夾具同心度,07,5,0.002,0.010,0
CQ3641,SD6,1901,精度校正者,01,精度效正,01,主軸與前V型夾具同心度,08,6,0.004,0.010,0
CQ3641,SD6,1901,精度校正者,01,精度效正,02,前V型夾具與後夾具直線度,01,1,0.004,0.010,0
CQ3641,SD6,1901,精度校正者,01,精度效正,02,前V型夾具與後夾具直線度,02,2,0.006,0.010,0
CQ3641,SD6,1901,精度校正者,01,精度效正,02,前V型夾具與後夾具直線度,03,3,0.002,0.010,0
CQ3641,SD6,1901,精度校正者,01,精度效正,02,前V型夾具與後夾具直線度,04,4,0.002,0.010,0
CQ3641,SD6,1901,精度校正者,01,精度效正,02,前V型夾具與後夾具直線度,05,5,0.006,0.010,0
CQ3641,SD6,1901,精度校正者,01,精度效正,02,前V型夾具與後夾具直線度,06,6,0.002,0.010,0
CQ3641,SD6,2101,機台擔當者,05,導電裝置,07,工作台與導電裝置高度測量A、B、C、D點、電阻值量測 E 點,01,Z1-A,-0.04,-0.010,-0.050
CQ3641,SD6,2101,機台擔當者,05,導電裝置,07,工作台與導電裝置高度測量A、B、C、D點、電阻值量測 E 點,02,Z2-A,-0.05,-0.010,-0.050
CQ3641,SD6,2101,機台擔當者,05,導電裝置,07,工作台與導電裝置高度測量A、B、C、D點、電阻值量測 E 點,03,Z3-A,-0.05,-0.010,-0.050
CQ3641,SD6,2101,機台擔當者,05,導電裝置,07,工作台與導電裝置高度測量A、B、C、D點、電阻值量測 E 點,04,Z4-A,-0.04,-0.010,-0.050
CQ3641,SD6,2101,機台擔當者,05,導電裝置,07,工作台與導電裝置高度測量A、B、C、D點、電阻值量測 E 點,05,Z5-A,-0.05,-0.010,-0.050
CQ3641,SD6,2101,機台擔當者,05,導電裝置,07,工作台與導電裝置高度測量A、B、C、D點、電阻值量測 E 點,06,Z6-A,-0.04,-0.010,-0.050
CQ3641,SD6,2101,機台擔當者,05,導電裝置,07,工作台與導電裝置高度測量A、B、C、D點、電阻值量測 E 點,07,Z1-B,-0.03,-0.010,-0.050
CQ3641,SD6,2101,機台擔當者,05,導電裝置,07,工作台與導電裝置高度測量A、B、C、D點、電阻值量測 E 點,08,Z2-B,-0.04,-0.010,-0.050
CQ3641,SD6,2101,機台擔當者,05,導電裝置,07,工作台與導電裝置高度測量A、B、C、D點、電阻值量測 E 點,09,Z3-B,-0.05,-0.010,-0.050
CQ3641,SD6,2101,機台擔當者,05,導電裝置,07,工作台與導電裝置高度測量A、B、C、D點、電阻值量測 E 點,10,Z4-B,-0.04,-0.010,-0.050
CQ3641,SD6,2101,機台擔當者,05,導電裝置,07,工作台與導電裝置高度測量A、B、C、D點、電阻值量測 E 點,11,Z5-B,-0.04,-0.010,-0.050
CQ3641,SD6,2101,機台擔當者,05,導電裝置,07,工作台與導電裝置高度測量A、B、C、D點、電阻值量測 E 點,12,Z6-B,-0.03,-0.010,-0.050
CQ3641,SD6,2101,機台擔當者,05,導電裝置,07,工作台與導電裝置高度測量A、B、C、D點、電阻值量測 E 點,13,Z1-C,-0.03,-0.010,-0.050
CQ3641,SD6,2101,機台擔當者,05,導電裝置,07,工作台與導電裝置高度測量A、B、C、D點、電阻值量測 E 點,14,Z2-C,-0.04,-0.010,-0.050
CQ3641,SD6,2101,機台擔當者,05,導電裝置,07,工作台與導電裝置高度測量A、B、C、D點、電阻值量測 E 點,15,Z3-C,-0.04,-0.010,-0.050
CQ3641,SD6,2101,機台擔當者,05,導電裝置,07,工作台與導電裝置高度測量A、B、C、D點、電阻值量測 E 點,16,Z4-C,-0.04,-0.010,-0.050
CQ3641,SD6,2101,機台擔當者,05,導電裝置,07,工作台與導電裝置高度測量A、B、C、D點、電阻值量測 E 點,17,Z5-C,-0.04,-0.010,-0.050
CQ3641,SD6,2101,機台擔當者,05,導電裝置,07,工作台與導電裝置高度測量A、B、C、D點、電阻值量測 E 點,18,Z6-C,-0.04,-0.010,-0.050
CQ3641,SD6,2101,機台擔當者,05,導電裝置,07,工作台與導電裝置高度測量A、B、C、D點、電阻值量測 E 點,19,Z1-D,-0.04,-0.010,-0.050
CQ3641,SD6,2101,機台擔當者,05,導電裝置,07,工作台與導電裝置高度測量A、B、C、D點、電阻值量測 E 點,20,Z2-D,-0.05,-0.010,-0.050
CQ3641,SD6,2101,機台擔當者,05,導電裝置,07,工作台與導電裝置高度測量A、B、C、D點、電阻值量測 E 點,21,Z3-D,-0.04,-0.010,-0.050
CQ3641,SD6,2101,機台擔當者,05,導電裝置,07,工作台與導電裝置高度測量A、B、C、D點、電阻值量測 E 點,22,Z4-D,-0.04,-0.010,-0.050
CQ3641,SD6,2101,機台擔當者,05,導電裝置,07,工作台與導電裝置高度測量A、B、C、D點、電阻值量測 E 點,23,Z5-D,-0.04,-0.010,-0.050
CQ3641,SD6,2101,機台擔當者,05,導電裝置,07,工作台與導電裝置高度測量A、B、C、D點、電阻值量測 E 點,24,Z6-D,-0.04,-0.010,-0.050
CQ3641,SD6,2101,機台擔當者,05,導電裝置,07,工作台與導電裝置高度測量A、B、C、D點、電阻值量測 E 點,25,Z1-阻抗E,0.2,10,0
CQ3641,SD6,2101,機台擔當者,05,導電裝置,07,工作台與導電裝置高度測量A、B、C、D點、電阻值量測 E 點,26,Z2-阻抗E,0.1,10,0
CQ3641,SD6,2101,機台擔當者,05,導電裝置,07,工作台與導電裝置高度測量A、B、C、D點、電阻值量測 E 點,27,Z3-阻抗E,0,10,0
CQ3641,SD6,2101,機台擔當者,05,導電裝置,07,工作台與導電裝置高度測量A、B、C、D點、電阻值量測 E 點,28,Z4-阻抗E,0.1,10,0
CQ3641,SD6,2101,機台擔當者,05,導電裝置,07,工作台與導電裝置高度測量A、B、C、D點、電阻值量測 E 點,29,Z5-阻抗E,0.3,10,0
CQ3641,SD6,2101,機台擔當者,05,導電裝置,07,工作台與導電裝置高度測量A、B、C、D點、電阻值量測 E 點,30,Z6-阻抗E,0.1,10,0
CQ3641,SD6,2101,機台擔當者,06,壓力腳,11,壓力腳至工作台面位置量測,01,Z1-實際值,0.542,0.6,0.4
CQ3641,SD6,2101,機台擔當者,06,壓力腳,11,壓力腳至工作台面位置量測,02,Z2-實際值,0.553,0.6,0.4
CQ3641,SD6,2101,機台擔當者,06,壓力腳,11,壓力腳至工作台面位置量測,03,Z3-實際值,0.588,0.6,0.4
CQ3641,SD6,2101,機台擔當者,06,壓力腳,11,壓力腳至工作台面位置量測,04,Z4-實際值,0.572,0.6,0.4
CQ3641,SD6,2101,機台擔當者,06,壓力腳,11,壓力腳至工作台面位置量測,05,Z5-實際值,0.561,0.6,0.4
CQ3641,SD6,2101,機台擔當者,06,壓力腳,11,壓力腳至工作台面位置量測,06,Z6-實際值,0.558,0.6,0.4
CQ3641,SD6,2101,機台擔當者,08,Quik裝置,06,Quik至工作台面信號作動位置量測,01,Z1-實際值,0.03,0.05,-0.05
CQ3641,SD6,2101,機台擔當者,08,Quik裝置,06,Quik至工作台面信號作動位置量測,02,Z2-實際值,-0.02,0.05,-0.05
CQ3641,SD6,2101,機台擔當者,08,Quik裝置,06,Quik至工作台面信號作動位置量測,03,Z3-實際值,-0.01,0.05,-0.05
CQ3641,SD6,2101,機台擔當者,08,Quik裝置,06,Quik至工作台面信號作動位置量測,04,Z4-實際值,0.02,0.05,-0.05
CQ3641,SD6,2101,機台擔當者,08,Quik裝置,06,Quik至工作台面信號作動位置量測,05,Z5-實際值,-0.04,0.05,-0.05
CQ3641,SD6,2101,機台擔當者,08,Quik裝置,06,Quik至工作台面信號作動位置量測,06,Z6-實際值,0.04,0.05,-0.05
CQ3641,SD6,2201,機台檢查者,04,加工精度紀錄表,01,檢查事項,01,Z1-實際CPK值,4.371,NULL,2.5
CQ3641,SD6,2201,機台檢查者,04,加工精度紀錄表,01,檢查事項,02,Z2-實際CPK值,3.283,NULL,2.5
CQ3641,SD6,2201,機台檢查者,04,加工精度紀錄表,01,檢查事項,03,Z3-實際CPK值,3.639,NULL,2.5
CQ3641,SD6,2201,機台檢查者,04,加工精度紀錄表,01,檢查事項,04,Z4-實際CPK值,2.851,NULL,2.5
CQ3641,SD6,2201,機台檢查者,04,加工精度紀錄表,01,檢查事項,05,Z5-實際CPK值,3.629,NULL,2.5
CQ3641,SD6,2201,機台檢查者,04,加工精度紀錄表,01,檢查事項,06,Z6-實際CPK值,4.04,NULL,2.5
